{"cameraMode":{"drawMode":0,"name":"Shaded","section":"Shading Mode"},"sceneLighting":true,"audioPlay":false,"sceneViewState":{"showFog":true,"showMaterialUpdate":false,"showSkybox":true,"showFlares":true,"showImageEffects":true,"showParticleSystems":true,"showVisualEffectGraphs":true,"m_FxEnabled":true},"in2DMode":false,"pivot":{"x":-0.8149736523628235,"y":1.1624031066894532,"z":0.9453456401824951},"rotation":{"x":0.5627444982528687,"y":-0.019834600389003755,"z":0.01350845955312252,"w":0.8262827396392822},"size":4.766025543212891,"orthographic":false}